"category","content"
"BAZO","Ancho disminuido"
"BAZO","Borde redondeado"
"BAZO","Bordes lancelados"
"BAZO","Capsula de predomineo lisa excepto por el quiste donde se torna irregular"
"BAZO","Contorno irregular"
"BAZO","Eplenometria alcanzando un espesor de hasta __ mm"
"BAZO","Esplenomegalia"
"BAZO","Estructura hipoecoica focal en cuerpo esplenico de _ mm diametro"
"BAZO","Excepto por una estructura hipoecoica focal en cuerpo esplenico de ___mm diametro"
"BAZO","Heterogéneo"
"BAZO","Largo aumentado"
"BAZO","No evaluable"
"BAZO","Parénquima esplenico de  ecotextura isoecoica comparada con corteza renal"
"BAZO","Parénquima hiperecoico"
"BAZO","Parénquima hipoecoico"
"BAZO","Parénquima homogenea"
"BAZO","Patrón de encaje o de cielo estrellado"
"BAZO","Plegado sobre sí mismo"
"BAZO","Tamaño fisiológico, posición normal en su proporción abdominal izquierda,  ecotextura de morfología uniforme, parénquima homogéneo, bordes lancelados, cápsula hiperecogénica lisa"
"BAZO","Tamaño levemente aumentado"
"BAZO","Tamaño normal  parénquima ecogénico, homogéneo y con textura fina. Cápsula hiperecogénica, lisa"
"BAZO","Textura gruesa"
"BAZO","aumento de volumen"
"CAVIDAD ABDOMINAL","Cuadrante Cisto Cólico CC"
"CAVIDAD ABDOMINAL","Cuadrante Esplenorenal SR"
"CAVIDAD ABDOMINAL","Cuadrante Hepato Diafragmático HD"
"CAVIDAD ABDOMINAL","Cuadrante Hepatorenal HR"
"CAVIDAD ABDOMINAL","Imagen en espejo de hígado dentro del tórax que descarta presencia de efusión pleural"
"CAVIDAD ABDOMINAL","Masa abdominal sin organodependencia definida"
"CAVIDAD ABDOMINAL","No se observa liquido libre en ninguno de sus 4 cuadrantes abdominales Cisto Cólico CC, esplenorenal SR , Hepato Diafragmático HD y Hepatorenal HR."
"CAVIDAD ABDOMINAL","No se observa líquido libre en abdomen"
"CAVIDAD ABDOMINAL","Se observa colecta abdominal anecoica pura"
"CAVIDAD ABDOMINAL","Se observa colecta abdominal con focos ecogénicos en suspensión compatible peritonitis infecciosa felina"
"CAVIDAD ABDOMINAL","Se observa peritoneo reactivo"
"CAVIDAD ABDOMINAL","Se observa peritonitis"
"CONCLUSIONES","* la doble ecogenicidad cortical si no es acompañada de hallazgos anormales en su orina o químicas sanguíneas (Glucosa, Cre, BUN, Fosforo, ALT, FA)  podría"
"CONCLUSIONES","** considerarse un proceso normal individual en este paciente sin representar enfermedad, se sugiere realizar seguimiento cada 3 meses ecográficos renales."
"CONCLUSIONES","Litiasis"
"CONCLUSIONES","Monitoreo hospitalario para dar seguimiento al tránsito estomacal en curso."
"CONCLUSIONES","Neoplasia hepatica"
"CONCLUSIONES","Por la presentacion de aborto considerar riesgo de infeccion zoonotica por Brucella spp"
"CONCLUSIONES","Por las alteraciones en sistema reproductor, los quistes y la colecta en muñón uterino se recomienda realizar laparotomía exploratoria"
"CONCLUSIONES","Por las alteraciones en sistema urinario se recomienda realizar Exámenes complementarios según criterio médico tratante (Hemograma, creatinina, fosforo, BUN, Urianalisis con urocultivo) y repetir"
"CONCLUSIONES","Realizar ecografía de control en 6 meses y detallar ambos riñones para descartar mineralización, nefrolitiasis y/o fibrosis medular"
"CONCLUSIONES","Realizar ecografía en 20 días posteriores al tratamiento para valorar evolución de _____ y cada 6 meses para monitoreo de ___"
"CONCLUSIONES","Se recomienda realizar cita de consulta cardiología y panel cardiaco completo Rxs tórax  lateral y DV, Ecocardiografía, Electrocardiograma y medición de presión arterial."
"CONCLUSIONES","Se sugiere realizar Orquiectomia con estudio de histopatología para descartar malignidad de la gónada  criptórquida."
"CONCLUSIONES","Tumor de bazo"
"CONCLUSIONES","Tumor de higado"
"EQUIPOS","MINDRAY KL"
"EQUIPOS","SONOSCAPE ULTRA"
"ESPECIES","Canino"
"ESPECIES","Equino"
"ESPECIES","Felino"
"ESTOMAGO","Con pared de grosor normal, peristaltismo normal, estratificación conservada y contenido gaseoso"
"ESTOMAGO","Contenido alimenticio"
"ESTOMAGO","Contenido gaseoso"
"ESTOMAGO","Contenido líquido"
"ESTOMAGO","Contenido líquido con focos ecogénicos en suspensión"
"ESTOMAGO","Contenido mucoso"
"ESTOMAGO","Distensión leve"
"ESTOMAGO","Distensión moderada"
"ESTOMAGO","Estratificación conservada"
"ESTOMAGO","Estratificación menos evidenciable"
"ESTOMAGO","Estrato mucoso engrosado"
"ESTOMAGO","Estrato muscular engrosado"
"ESTOMAGO","Estrato submucoso engrosado"
"ESTOMAGO","No evaluable."
"ESTOMAGO","Pared de grosor normal"
"ESTOMAGO","Pared engrosada"
"ESTOMAGO","Peristaltismo aumentado"
"ESTOMAGO","Peristaltismo ausente, ileo"
"ESTOMAGO","Peristaltismo disminuido"
"ESTOMAGO","Peristaltismo disminuido con retraso en vaciamiento gástrico"
"ESTOMAGO","Peristaltismo normal"
"ESTOMAGO","Presenta aumento alfa"
"ESTOMAGO","Pseudoestratificación"
"ESTOMAGO","Pérdida total de la estratificación"
"ESTOMAGO","Se observa imagen hiperecogénica con sombra acústica posterior, sugerente de cuerpo extraño."
"ESTOMAGO","Se observa lesión excavada sugerente de úlcera gástrica."
"ESTOMAGO","Sobredistensión"
"ESTOMAGO","Sugerente de gastritis urémica."
"ESTOMAGO","Vacío"
"GLANDULA MAMARIA","Abdominal caudal"
"GLANDULA MAMARIA","Abdominal craneal"
"GLANDULA MAMARIA","Con focos hiperecoicos, hipoecoicos y anecoicos desproporcionados"
"GLANDULA MAMARIA","En glandula mamaria derecha"
"GLANDULA MAMARIA","En glandula mamaria izquierda"
"GLANDULA MAMARIA","Inguinal"
"GLANDULA MAMARIA","Lesiones focales Hipoecoicas compatibles con hiperplasia nodular, lipoma,  metástasis, carcinoma, adenoma, sarcoma, fibroadenoma"
"GLANDULA MAMARIA","Masa de ecogenicidad aumentada con bordes irregulares"
"GLANDULA MAMARIA","Múltiples estructuras de ecogenicidad aumentada con bordes irregulares"
"GLANDULA MAMARIA","Presenta una estructura de ecotextura mixta glandular"
"GLANDULA MAMARIA","Se sugiere realizar exéresis quirúrgica de la masa de glandula mamaria con estudio de histopatologia para descartar malignidad."
"GLANDULA MAMARIA","Tocacica craneal"
"GLANDULA MAMARIA","Toracica caudal"
"GLANDULA TIROIDES","Características ecogénicas conservadas"
"GLANDULA TIROIDES","Compatibilidad con adenomas paratiroideos"
"GLANDULA TIROIDES","Examen Doppler color de la glándula tiroidea que muestra un buen flujo sanguíneo parenquimatoso"
"GLANDULA TIROIDES","Flujo vascular -------"
"GLANDULA TIROIDES","Glándula tiroidea derecha presents"
"GLANDULA TIROIDES","Glándula tiroidea izquierda presenta"
"GLANDULA TIROIDES","LLongitud del lobulo izquierdo ____"
"GLANDULA TIROIDES","Múltiples focos hiperecogénicos en la glándula"
"GLANDULA TIROIDES","Múltiples focos hipoecogénicos en la glándula"
"GLANDULA TIROIDES","Músculos esternocefalicos y esterno hioideos están superficiales a la tiroides con características ecogénicas conservadas."
"GLANDULA TIROIDES","No evaluado"
"GLANDULA TIROIDES","Posición envuelta por una vaina hiperecogenica delgada"
"GLANDULA TIROIDES","Vista longitudinal  lóbulo tiroideo, medial a la arteria carótida, parénquima tiroideo ligeramente más ecogénico con textura fina que la musculatura cervical adyacente"
"GLANDULAS ADRENALES","De características ultrasonográficas conservadas."
"GLANDULAS ADRENALES","GL Izquierda,  tamaño y forma bilobulada conservada"
"GLANDULAS ADRENALES","GL derecha, tamaño triangular o en delta"
"GLANDULAS ADRENALES","HIPOFUNCION MANIFIESTA"
"GLANDULAS ADRENALES","Longitud 16.12mm, polo craneal 5.41mm de ancho y caudal 4.27mm"
"GLANDULAS ADRENALES","No se observaron adrenales reactivas durante este estudio."
"GRANDES VASOS, VENAS Y ARTERIA","Liquido perivascular anecoico superficial a la vena por hematoma"
"GRANDES VASOS, VENAS Y ARTERIA","Lumen anecoico alineado horizontal mente de la vena yugular"
"HIGADO","Bordes finos, triangulares sin exceder el límite anatómico normal del estómago ni del riñón derecho"
"HIGADO","Bordes redondeados, aumentados de tamaño, excediendo  su límite con relación al estómago"
"HIGADO","Con  posición en decúbito dorsal  izquierdo y derecho  se hace aproximación al hígado"
"HIGADO","Eco estructura conservada, ecogenicidad y tamaño conservados"
"HIGADO","Ecogenicidad aumentada"
"HIGADO","Ecogenicidad aumentada, con aumento de la atenuación distal"
"HIGADO","Ecogenicidad conservada, bordes finos, triangulares sin exceder el límite anatómico normal del estomago ni del riñón derecho"
"HIGADO","Ecogenicidad mixta"
"HIGADO","Ecogenicidad mixta, presuntiva hepatopatía esteroidea asociada a hiperplasia, Linfoma, Hepatitis por confirmar"
"HIGADO","Ecogenicidad mixta, presuntivo fibrosis hepática, Carcinoma Hepatocelular, Metástasis, Necrosis, Amiloidosis o  Linfoma por confirmar"
"HIGADO","Ecogenicidad reducida"
"HIGADO","Ecogenicidad reducida, con aumento del contraste de los vasos sanguíneos"
"HIGADO","El ligamento falciforme esta en el campo cercano y se observa"
"HIGADO","El lóbulo cuadrado es relativamente central y rodea parcialmente la vesícula biliar"
"HIGADO","En la sección transversa del hígado los vasos aparecen como estructuras redondeadas anecoicas"
"HIGADO","En la sección trasversa del hígado se reconocen las ramas portales con límites hiperecoicos"
"HIGADO","En lóbulo lateral izquierdo presenta"
"HIGADO","Hepatomegalia"
"HIGADO","Hepatomegalia difusa, presuntiva Neoplasia de células Redondas, linfoma, histiocitosis, mastocitos,"
"HIGADO","Hepatomegalia difusa, presuntiva hepatopatía esteroidal, Lipidosis, hepatitis, colangiohepatitis,"
"HIGADO","Hepatomegalia difusa, presuntivo Carcinoma Masivo Hepatocelular, Metástasis, Amiloidoisis"
"HIGADO","Hepatomegalia focal o asimétrica, presuntiva Neoplasia primaria o Metástasis, absceso, quiste, o granuloma,"
"HIGADO","Hepatomegalia focal o asimétrica, trombosis, torsión lobular, hematoma,"
"HIGADO","Higado Graso"
"HIGADO","Hiperecogenicidad, fibrosis, cirrosis, linfoma, tumor de mastocitos."
"HIGADO","Hiperecogenicidad, hepatopatía esteroidal, Lipidosis, hepatopatías vacuolares, hepatitis crónica,"
"HIGADO","Hiperecoica en relación al hígado y presenta una gruesa ecotextura"
"HIGADO","Hipoecogenicidad, congestión pasiva, hepatitis aguda, colangiohepatitis, Linfoma, Leucemia,"
"HIGADO","Hígado hiperecoico en relación a la grasa falciforme por la obesidad del gato,"
"HIGADO","Hígado pequeño, Shunt porto sistémico, displasia micro vascular o hipoplasia  de vena porta,"
"HIGADO","Hígado pequeño, presuntiva cirrosis, fibrosis, hipovolemia severa,"
"HIGADO","Isoecoico en relación al hígado"
"HIGADO","Lesiones focales Anecoicas compatibles con quistes, tumor quístico, necrosis, absceso y/o hematoma,"
"HIGADO","Lesiones focales Hipoecoicas compatibles con hiperplasia nodular, metástasis, linfoma, neoplasia hepática,"
"HIGADO","Lesiones focales de ecogenicidad mixta, presuntiva hiperplasia nodular, neoplasia primaria, metástasis,"
"HIGADO","Lesiones focales de ecogenicidad mixta, presuntivos abscesos y/o hematomas"
"HIGADO","Lesiones focales hiperecoicas , mineralizacion , colelitiasis , grasa , mielolipoma , gas, hiperplas"
"HIGADO","Lesiones focales hiperecoicas, presuntiva hiperplasia nodular, neoplasia primaria, absceso o granuloma         ,"
"HIGADO","Lesiones focales hipoecoicas, absceso, necrosis, hematoma, complejo quístico,"
"HIGADO","Ligeramente aumentados pero sin exceder el demarcación anatómica normal del estómago ni el riñón derecho"
"HIGADO","Los cuales conforman la totalidad de la masa del hígado"
"HIGADO","Los demás lóbulos hepáticos conservan bordes finos, sin exceder  sus límites"
"HIGADO","Los demás lóbulos hepáticos conservan bordes redondeados, levemente aumentados de tamaño, excediendo sus límites."
"HIGADO","Los lóbulos del lado izquierdo  conforman un tercio de la masa hepática"
"HIGADO","Los lóbulos derechos son lateral, medial y caudado, hacia el centro tenemos el  proceso papilar"
"HIGADO","Los lóbulos izquierdos son el lateral, medial y cuadrado"
"HIGADO","Parénquima hepático normal es uniformemente hipoecoico con una ecotextura gruesa comparada con el"
"HIGADO","Se observa comunicación venosa patológica (Shunt)"
"HIGADO","Se observa signo de doble cañón"
"HIGADO","Se observan conductos biliares dilatados"
"HIGADO","Se observan vasos congestivos"
"HUESOS","A nivel de la diáfisis media  se aprecia"
"HUESOS","Imagen ecogénica compatible con cuerpo extraño"
"HUESOS","Imagen en modo B en la cual se distingue una clara interrupción de la continuidad esperada en  línea hiperecoica proximal del periostio"
"HUESOS","La superficie medial del fémur se muestra como una línea curva hiperecoica brillante"
"HUESOS","Perdida de la línea ósea brillante anterior  sugerente de reacción perióstica y/o panosteitis"
"HUESOS","Presencia de efusión articular"
"HUESOS","Presenta quiste óseo"
"HUESOS","Se visualiza el hueso____  en su eje corto  y largo observando línea hiperecoica proximal a lo largo de la corteza ósea cuyo curso no evidencia alteraciones"
"HUESOS","Se visualiza el hueso____  en su eje corto y largo observando línea hiperecoica proximal a lo largo de la corteza ósea cuyo curso  evidencia alteración en escalón que indicativo de fractura"
"HUESOS","Tumefacción de ecogenicidad mixta compatible con absceso"
"INTESTINO DELGADO","Con contenido intraluminal con focos ecogénicos en suspensión."
"INTESTINO DELGADO","Con contenido líquido intraluminal, estratificación conservada, pared de grosor normal, peristaltismo normal"
"INTESTINO DELGADO","Contenido gaseoso"
"INTESTINO DELGADO","Contenido líquido con focos ecogénicos en suspensión."
"INTESTINO DELGADO","Contenido líquido intraluminal"
"INTESTINO DELGADO","Contenido mucoso"
"INTESTINO DELGADO","Distensión leve"
"INTESTINO DELGADO","Distensión moderada"
"INTESTINO DELGADO","Enfermedad tipo alfa"
"INTESTINO DELGADO","Estratificación conservada"
"INTESTINO DELGADO","Estratificación menos evidenciable"
"INTESTINO DELGADO","Estrato mucoso engrosado"
"INTESTINO DELGADO","Estrato muscular engrosado"
"INTESTINO DELGADO","Estrato submucoso engrosado"
"INTESTINO DELGADO","Intestino agrandado tipo alfa"
"INTESTINO DELGADO","Pared de grosor normal"
"INTESTINO DELGADO","Pared engrosada"
"INTESTINO DELGADO","Pared engrosada focalmente"
"INTESTINO DELGADO","Perdida total de la estratificación generalizada"
"INTESTINO DELGADO","Peristaltismo aumentado"
"INTESTINO DELGADO","Peristaltismo ausente, ileo"
"INTESTINO DELGADO","Peristaltismo disminuido"
"INTESTINO DELGADO","Peristaltismo normal"
"INTESTINO DELGADO","Pérdida total de la estratificación localizada."
"INTESTINO DELGADO","Se observa imagen hiperecogénica con sombra acústica posterior, sugerente de cuerpo extraño."
"INTESTINO DELGADO","Se observa signo de intestino corrugado"
"INTESTINO DELGADO","Se observa signo de obstrucción"
"INTESTINO DELGADO","Se observan multiples capas concéntrica, sugerente de intususcepción"
"INTESTINO DELGADO","Sobredistensión generalizada"
"INTESTINO DELGADO","Sobredistensión localizada"
"INTESTINO DELGADO","Vacío."
"INTESTINO GRUESO","Contenido gaseoso, en colon descendente"
"INTESTINO GRUESO","Contenido gaseoso, en colon descendente y estratificación conservada."
"INTESTINO GRUESO","Contenido gaseoso, meteorismo."
"INTESTINO GRUESO","Contenido heces."
"INTESTINO GRUESO","Contenido líquido"
"INTESTINO GRUESO","Contenido líquido con focos ecogénicos en suspensión."
"INTESTINO GRUESO","Contenido mucoso"
"INTESTINO GRUESO","Distensión leve"
"INTESTINO GRUESO","Distensión moderada"
"INTESTINO GRUESO","Estratificación conservada."
"INTESTINO GRUESO","Estratificación menos evidenciable."
"INTESTINO GRUESO","Estrato mucoso engrosado."
"INTESTINO GRUESO","Estrato muscular engrosado."
"INTESTINO GRUESO","Hinchazon tipo alfa"
"INTESTINO GRUESO","No evaluable"
"INTESTINO GRUESO","Pared de grosor normal"
"INTESTINO GRUESO","Pared engrosada focalmente."
"INTESTINO GRUESO","Pared engrosada."
"INTESTINO GRUESO","Perdida total de la estratificación generalizada."
"INTESTINO GRUESO","Peristaltismo aumentado."
"INTESTINO GRUESO","Pérdida total de la estratificación localizada."
"INTESTINO GRUESO","Se observa imagen hiperecogénica con sombra acústica, sugerente de cuerpo extraño o fecaloma."
"INTESTINO GRUESO","Se observa signo de obstrucción."
"INTESTINO GRUESO","Sobredistensión generalizada."
"INTESTINO GRUESO","Sobredistensión localizada."
"INTESTINO GRUESO","Vacío."
"LINFONODOS","Ecogenicidad reducida."
"LINFONODOS","Ecográficamente conservados."
"LINFONODOS","El paciente presenta linfodenopatia periférica,"
"LINFONODOS","Forma redondeada."
"LINFONODOS","Iliacos mediales"
"LINFONODOS","No se observaron linfonódulos reactivos durante este estudio."
"LINFONODOS","Pancreatico duodenales y yeyunales"
"LINFONODOS","Se observan linfonódulos reactivos."
"MOTIVOS","Alteración analítica en sus exámenes de laboratorio Hemograma, Urianalisis y/o química sanguínea"
"MOTIVOS","Alteración en sistema urinario (FLUDT, hematuria, estranguria, oliguria, Urolitiasis)"
"MOTIVOS","Con énfasis en sistema genito urinario"
"MOTIVOS","Convulsiones"
"MOTIVOS","Criptorquidia"
"MOTIVOS","Diagnóstico de preñez, tiempo gestación"
"MOTIVOS","Ecografia abdominal por aborto"
"MOTIVOS","Ecografía abdominal por distención y/o dolor"
"MOTIVOS","Estudio de gestación  "
"MOTIVOS","Examen anual geriátrico"
"MOTIVOS","Examen completo abdominal"
"MOTIVOS","Paciente Cardiópata con edema pulmonar alveolar, tuvo recientemente una recaída."
"MOTIVOS","Posible Cuerpo Extraño a Nivel Intestinal"
"MOTIVOS","Posible masa abdominal"
"MOTIVOS","Posibles Parásitos"
"MOTIVOS","Presentación de diarrea"
"MOTIVOS","Presentación de flujo vaginal"
"MOTIVOS","Presentación de polidipsia y poliuria"
"MOTIVOS","Presentación de vómitos"
"MOTIVOS","Problemas endocrinos"
"MOTIVOS","Traumatismo abdominal por caída"
"MOTIVOS","Traumatismo abdominal por choque vehicular"
"MOTIVOS","Traumatismo torácico"
"MUSCULAR","Contenido aéreo en tumefacción de tejido blando"
"MUSCULAR","Deformación indiferenciada de los planos musculares o no caracterizada de presentación ecogénica mixta"
"MUSCULAR","Evaluación de una tumefacción de tejido blando muscular con proceso inflamatorio anecogénico encapsulado"
"MUSCULAR","Liquido perivascular anecoico superficial a la vena por hematoma"
"MUSCULAR","Perdida de continuidad de la pared muscular por hernia con anillo hiperecogénico"
"MUSCULAR","Presencia de masa infiltrativa muscular con ecogenicidad mixta, estructuras trabeculadas con contenido anecoico"
"OBSERVACIONES","Observacion 167"
"OBSERVACIONES","Observacion 2  "
"OCULAR","Capsulas anterior y posterior del cristalino delgado y brillante (normal)"
"OCULAR","Catarata intumescence"
"OCULAR","Cornea estructura lineal uniforme y moderadamente ecogénica"
"OCULAR","Cristalino ecogénico por presuntiva esclerosis nuclear"
"OCULAR","Cámara anterior anecoica (normal)"
"OCULAR","Cámara anterior profunda por presuntivo glaucoma y/o buftalmia crónica - aguda"
"OCULAR","Desprendimiento de retina por la presencia de una línea irregular hiperecoica que se extiende desde y hacia la pared posterior del ojo"
"OCULAR","Estructuras ecogenicas en segmento posterior formando hebras finas, membranas, grumos y/o puntos en el humor vítreo por degeneración vítrea"
"OCULAR","Estructuras ecogenicas en segmento posterior por hemorragia de retina"
"OCULAR","Forma anormal del globo ocular por encogimiento Tisis o micro oftalmia"
"OCULAR","Forma anormal del globo ocular por ruptura escleral o corneal"
"OCULAR","Hemorragia vítrea con material ecogénico presente en el segmento posterior"
"OCULAR","Humor vítreo anecoico (normal)"
"OCULAR","Masa retrobulbar que mella focalmente el globo ocular"
"OCULAR","Material ecogénico en cámara anterior por luxación del cristalino"
"OCULAR","Material ecogénico en cámara posterior por luxación del cristalino"
"OCULAR","Medición de la vaina del nervio óptico"
"OCULAR","No se observa ninguna estructura brillante dentro de la cámara anterior o el cuerpo vítreo (normal)"
"OCULAR","Notorio edema de la cabeza del nervio óptico"
"OCULAR","Nódulo hiperecogénico en cámara anterior"
"OCULAR","Pared posterior ojo brillante en  línea curva lisa sin estructuras hiperecoicas adyacentes (normal)"
"OCULAR","Se observa material graso hiperecoico que rodea el nervio óptico hipoecoico (normal)"
"OCULAR","Sinequias anteriores"
"OVARIOS","Caudal al riñón derecho en  fosa ovárica se aprecias  una estructura  morulada de múltiples quistes con refuerzo posterior y cavitaciones internas, se mide en corte longitudinal 16.27mm de ancho y 36."
"OVARIOS","Caudal al riñón izquierdo en  fosa ovárica se aprecia una estructura  morulada de múltiples quistes con refuerzo posterior de 8.88mm de ancho y 25.14mm de largo aproximados realizados en corte longitu"
"OVARIOS","Con presentación anecoica redondeada en su interior de presuntivo quiste o folículo de graff"
"OVARIOS","Forma ovalada o redondeada de ecotextura hipoecoica"
"OVARIOS","No se observa ovario derecho"
"OVARIOS","No se observaron ovarios durante este estudio."
"OVARIOS","Presenta ovario alfa"
"OVARIOS","Quiste con reforzamiento posterior"
"PANCREAS","De características ultrasonográficas conservadas."
"PANCREAS","Ecogenicidad reducida"
"PANCREAS","Ecotextura heterogénea"
"PANCREAS","En corte longitudinal se mide tamaño en cuerpo de ancho ___ mm"
"PANCREAS","No evaluable"
"PANCREAS","Se observa el conducto pancreático dilatado"
"PANCREAS","Se observa imágenes pseudoquística"
"PANCREAS","Se observa quiste"
"PANCREAS","Tamaño aumentado"
"PANCREAS","Tamaño normal"
"PROSTATA","Bilobulada, simétrica, de textura fina a media, ecogénica"
"PROSTATA","Compatibilidad con  Adenomas"
"PROSTATA","Compatibilidad con  Hipoplasia"
"PROSTATA","Compatibilidad con Hiperplasia"
"PROSTATA","Considerablemente hipoecoico con relacion a la grasa periprostática"
"PROSTATA","Contorno irregular y contenido ligeramente hipoecoico sugerente de absceso prostatico"
"PROSTATA","Corte longitudinal mide ___ mm   largo"
"PROSTATA","Corte transversal mide ___ mm ancho y ___ mm alto"
"PROSTATA","De características ecográficas conservadas"
"PROSTATA","Ecogenicidad granular mixta en corte transversal, hiperecoica en distribution de tejido ductal y tejido conectivo glandular hipoecoico normal (patrón mariposa)"
"PROSTATA","Hemisferios prostaticos evidencian adecuada simetría"
"PROSTATA","Hemisferios prostaticos evidencian asimetría"
"PROSTATA","Heterogéneo"
"PROSTATA","Homogéneo"
"PROSTATA","La tabicación y la ecogenicidad del liquido son mas sugestivos de absceso que de quiste"
"PROSTATA","Márgenes lisos y continuos"
"PROSTATA","No evaluado"
"PROSTATA","Posición hipogastrio medio  caudal al trigono vesical"
"PROSTATA","Posición localizada en la cavidad pélvica,  alrededor del cuello vesical"
"PROSTATA","Prostatomegalia."
"PROSTATA","Quistes"
"PROSTATA","Relativa hipogenicidad difusa"
"PROSTATA","Relativamente hiperecoica"
"PROSTATA","Se observa colecta interna"
"PROSTATA","Se observa lesión quística"
"PROSTATA","Simetria de lobulos, parenquima homogeneo y econormal"
"PROSTATA","Tamaño normal"
"PROSTATA","Tamaño pequeño atrofiado"
"PROSTATA","Uretra aparece como una pequeña porcion ecolúcida en el centro de la glandula, con una  estrecha banda de tejido hiperecoico adyacente."
"RAZAS","BASSET HOUND"
"RAZAS","BEAGLE"
"RAZAS","BOSTON TERRIER"
"RAZAS","BOXER"
"RAZAS","BULL TERRIER"
"RAZAS","BULLDOG"
"RAZAS","BULLDOG FRANCES"
"RAZAS","Boxer"
"RAZAS","CANICHE"
"RAZAS","CANINO"
"RAZAS","CHIHUAHUA"
"RAZAS","COCKER"
"RAZAS","CRIOLLO"
"RAZAS","CRUZA"
"RAZAS","DACHSHUND"
"RAZAS","DELFIN  "
"RAZAS","DOGO DE BURDEOS"
"RAZAS","DPC"
"RAZAS","DPL"
"RAZAS","FELINO"
"RAZAS","GOLDEN RETRIVER"
"RAZAS","JACK RUSSEL TERRIER"
"RAZAS","LABRADOR"
"RAZAS","MESTIZO"
"RAZAS","PASTOR ALEMAN"
"RAZAS","PASTOR COLLIE"
"RAZAS","PERRO DE AGUA ESPAÑOL"
"RAZAS","PERSA"
"RAZAS","PERSA EXOTICO"
"RAZAS","PINSCHER"
"RAZAS","PITBULL"
"RAZAS","POINTER ALEMAN"
"RAZAS","POMERANIA"
"RAZAS","POODLE"
"RAZAS","PUG"
"RAZAS","ROTTWEILER"
"RAZAS","SCHNAUZER"
"RAZAS","SHAR PEI"
"RAZAS","SHIH TZU"
"RAZAS","SIAMES"
"RAZAS","SIBERIAN HUSKY"
"RAZAS","TECKEL"
"RAZAS","YORK SHIRE TERRIER"
"RIÑON DERECHO","Alteración en relación cortical disminuida y medular aumentada sugerente de hidronefrosis"
"RIÑON DERECHO","Arteria y vena renal normal, vasos arcuados normales, al doppler color se observa normalidad"
"RIÑON DERECHO","Con la misma descripción ecográfica del riñón contralateral"
"RIÑON DERECHO","Con la misma descripción ecográfica del riñón contralateral presentando alteración corticomedular"
"RIÑON DERECHO","Conserva buena relación y diferenciación corticomedular"
"RIÑON DERECHO","Diferenciación corticomedular reducida,"
"RIÑON DERECHO","En corte longitudinal se mide tamaño en ancho ___mm y largo ___ mm, con corteza renal de __mm"
"RIÑON DERECHO","No se observa diferenciación corticomedular"
"RIÑON DERECHO","No se observa por nerviosismo e intranquilidad en el examen, se recomienda realizar tricotomia para el siguiente examen ecografico"
"RIÑON DERECHO","Pelvis distendida"
"RIÑON DERECHO","Pequeñas áreas hiperecoicas medulares con sombra acústica sugerentes de nefrolitiasis  y fibrosis por proceso senil"
"RIÑON DERECHO","Pequeñas áreas hiperecoicas medulares sin sombra acústica sugerentes de fibrosis por proceso senil"
"RIÑON DERECHO","Quiste en polo craneal de  __ x __mm de diámetro"
"RIÑON DERECHO","Se observa pielectasia"
"RIÑON DERECHO","Se observa signo del anillo medular hiperecogenico (normal para algunas razas pequeñas)"
"RIÑON DERECHO","Se observa una pequeña área hiperecoica medular con sombra acústica sugerente de mineralización, nefrolitiasis o fibrosis"
"RIÑON DERECHO","Superficie irregular"
"RIÑON DERECHO","Superficie lisa, regular y ecogénica"
"RIÑON DERECHO","Tamaño y ubicación anatómica normal alojado en la fosa renal del lóbulo caudado  hepático"
"RIÑON IZQUIERDO","* la doble ecogenicidad cortical si no es acompañada de hallazgos anormales en su orina o químicas sanguíneas (Glucosa, Cre, BUN, Fosforo, ALT, FA)  podría"
"RIÑON IZQUIERDO","** considerarse un proceso normal individual en este paciente sin representar enfermedad, se sugiere realizar seguimiento cada 3 meses ecográficos renales."
"RIÑON IZQUIERDO","Alteración en relación cortical aumentada y medular disminuida sugerente de nefritis intersticial"
"RIÑON IZQUIERDO","Arteria y vena renal normal, vasos arcuados normales"
"RIÑON IZQUIERDO","Capsula de superficie lisa, regular y ecogénica"
"RIÑON IZQUIERDO","Con alteración en relación cortical disminuida y medular aumentada sugerente de hidronefrosis"
"RIÑON IZQUIERDO","Conserva buena diferenciación corticomedular"
"RIÑON IZQUIERDO","Conserva buena relación y diferenciación corticomedular"
"RIÑON IZQUIERDO","Diferenciación corticomedular reducida"
"RIÑON IZQUIERDO","Doppler color normal."
"RIÑON IZQUIERDO","En corte longitudinal se mide tamaño en ancho ___mm y largo ___  mm con corteza renal de __mm"
"RIÑON IZQUIERDO","En cortical presenta pequeñas áreas hiperecoicas difusas sin sombra acústica sugerentes de  fibrosis"
"RIÑON IZQUIERDO","En cortical presenta una área periférica de ecogenicidad reducida anecoica y un área central cortical hiperecoica  de relación iso ecogénica con respecto al hígado"
"RIÑON IZQUIERDO","No se observa diferenciación corticomedular"
"RIÑON IZQUIERDO","Pelvis distendida"
"RIÑON IZQUIERDO","Pequeñas áreas hiperecoicas medulares con sombra acústica sugerentes de nefrolitiasis  y fibrosis por proceso senil"
"RIÑON IZQUIERDO","Pequeñas áreas hiperecoicas medulares sin sombra acústica sugerentes de fibrosis por proceso senil"
"RIÑON IZQUIERDO","Relación Riñón Aorta"
"RIÑON IZQUIERDO","Se observa pielectasia"
"RIÑON IZQUIERDO","Se observa signo del anillo medular"
"RIÑON IZQUIERDO","Superficie irregular"
"RIÑON IZQUIERDO","Tamaño y ubicación anatómica normal"
"RIÑON IZQUIERDO","Tamaño y ubicación anatómica normal, capsula de superficie lisa, regular y ecogénica, conserva buena relación y diferenciación corticomedular"
"TESTICULOS","Ambos conservan tamaño normal ovoide, ecogénico, de textura fina homogénea, atravesado por una línea hiperecogénica del raffe central"
"TESTICULOS","Compatible con Seminoma, tumor de células Leydig, tumor de celulas de Sertoli (TCS o sertolinoma)"
"TESTICULOS","Dimensión en corte sagital ___mm de ancho y ___mm largo"
"TESTICULOS","En posición normal en su bolsa escrotal"
"TESTICULOS","Epidídimo hipoecoico con relación al parénquima testicular"
"TESTICULOS","Gónada derecha presenta"
"TESTICULOS","Gónada izquierda presenta"
"TESTICULOS","No evaluado"
"TESTICULOS","Paciente es criptórquido unilateral derecho"
"TESTICULOS","Paciente es criptórquido unilateral izquierdo"
"TESTICULOS","Parenquima irregular de ecotextura mixta anecoica, hipoecoida e hiperceogenicidad desproporcionada"
"TESTICULOS","Posición anatómica anormal extra abdominal"
"TESTICULOS","Posición anatómica anormal intra abdominal"
"TESTICULOS","Se sugiere realizar orquiectomia con estudio de histopatología para descartar malignidad."
"TESTICULOS","Se sugiere realizar prueba específica de Brucella Canis"
"TESTICULOS","Signos de epididimitis por agrandamiento testicular, con parenquima homogéneo, liquido anecoico periférico  en epidídimo"
"TESTICULOS","Signos de orquitis por agrandamiento testicular, con parénquima de textura moteada e hipoecoica"
"TESTICULOS","Tamaño aumentado"
"TESTICULOS","Tamaño normal Ovoide, ecogénico, de textura fina homogénea, atravesado por una línea hiperecogénica del mediastino testicular"
"TESTICULOS","Tamaño reducido"
"TORAX , PULMONES","Cohetes pulmonares confluentes fusionados en vista hepato diafragmática de patrón pulmón blanco"
"TORAX , PULMONES","Cohetes pulmonares o colas de cometa representativos de contusión pulmonar secundaria a trauma o edema intersticial en pacientes no traumatizados"
"TORAX , PULMONES","Efusión pericárdica donde el líquido contenido queda en evidencia por un borde hiperecoico compatible con el saco pericárdico que rodea el corazón"
"TORAX , PULMONES","Evaluación ecográfica enfocada en el tórax de paciente con trauma (TFAST)"
"TORAX , PULMONES","Imagen en espejo de hígado dentro del tórax que descarta presencia de efusión pleural"
"TORAX , PULMONES","Perpendicular a las costillas se aprecia el signo del cocodrilo formado por las cabezas de costillas y el espacio intercostal interpuesto, la línea hiperecoica representa la interfase Pulmón - Pleura"
"TORAX , PULMONES","Presencia de efusión pleural en mediastino craneal"
"TORAX , PULMONES","Presencia de enfisema subcutáneo"
"TORAX , PULMONES","Presenta signo de pulso pulmonar por deslizamiento hacia atrás y hacia adelante con cada latido cardiaco"
"TORAX , PULMONES","Signo de deslizamiento pleural positivo (normal)"
"TORAX , PULMONES","Signo de escalón por desvió del signo de deslizamiento de la continuidad normal de Pulmón Pleura  sugerente de desgarro intercostal, trauma de pared torácica, alteración del espacio pleural o afección"
"TORAX , PULMONES","Signo de punto pulmonar en tercio medio, tercio superior y tercio inferior torácico que establece diagnóstico de neumotórax masivo"
"TORAX , PULMONES","Signo de punto pulmonar en tercio superior torácico que establece diagnóstico de neumotórax  parcial"
"URETRA","En corte longitudinal a nivel prostático mantiene contorno estrecho."
"URETRA","Hinchada por la parte dercha"
"URETRA","No evaluada"
"URETRA","Presenta dilatación de la uretra"
"URETRA","Uretra tipo alfa"
"UTERO","Colecta uterina interna con focos hiperecoicos en formas anulares"
"UTERO","Con aumento del grosor en sus paredes, contenido ecogenico difuso sin movimiento ni focos en suspencion,"
"UTERO","Con diámetro biparietal de ____ para una edad gestacional aproximada de __ semanas y __ días, para una fecha probable de parto aproximada del ________"
"UTERO","En movimiento con amplia cantidad de líquido amniótico, fetos con esqueleto óseo bien definido, órganos abdominales diferenciables como hígado, riñones, vejiga urinaria, estómago y asas intestinales"
"UTERO","En utero izquierdo se observa una estructura anecoica encapsulada bien definida con aumento de grosor en su pared"
"UTERO","LATIDO FETAL:  De 140 a 160 lpm sufrimiento de parto"
"UTERO","LATIDO FETAL:  De 160 a 180 lpm estrés fetal en riesgo"
"UTERO","LATIDO FETAL:  De 180 a 200 lpm estrés de Parto"
"UTERO","LATIDO FETAL:  Mayor a 200 lpm normal"
"UTERO","Movimiento peristáltico intestinal fetal  que corrobora edad gestacional mayor a 60 días."
"UTERO","No evaluable"
"UTERO","Nota: la ecografía es una prueba dinámica donde los cachorros están en movimiento en un abdomen cilíndrico donde puede variar el número de cachorros a la primera impresión"
"UTERO","Nota:* en algunas ocasiones un feto puede ser contado dos veces o alguno se puede esconder al ultrasonido por los órganos abdominales, para determinar confiabilidad en el número de cachorros  se"
"UTERO","Nota:** recomienda realizar ecografía de control con Radiografía LL o VD para determinar el número exacto de cachorros y su posicionamiento previo al parto."
"UTERO","Paredes con engrosamiento mayor a un cm de diámetro,"
"UTERO","Presentación   anterior o cefálica,"
"UTERO","Presentación   posterior o pélvica ,"
"UTERO","Pulmones ecogénicos con relación al parénquima hepático"
"UTERO","Se hace medición de los sacos gestacionales,"
"UTERO","Sin colecta uterina y sin focos ecogénicos en suspensión, sugerente de diestro,  endometritis o Hiperplasia endometrial"
"UTERO","Sugerente de Piometra o Hiperplasia endometrial"
"UTERO","Sugerente de maceracion fetal, retencion placentaria, metritis, loquios post parto"
"UTERO","Sugerente de mucometra, hidrómetra, Hemómetra"
"UTERO RESPUESTA","Todos los fetos presentan fetocardia positiva,"
"UTERO","Todos los fetos presentan un desarrollo adecuado para la edad calculada,"
"UTERO","Tomando esta última como mejor referencia estimada del parto y probabilidad de ser antes."
"UTERO","Ventral  a la vejiga se localiza el útero este se encuentra con"
"UTERO","Ventral  a la vejiga se localiza el útero este se encuentra con contenido de fetos"
"UTERO","Útero derecho un cachorro en"
"UTERO","Útero izquierdo un cachorro en"
"VEJIGA URINARIA","Aumentada de tamaño con contenido anecoico"
"VEJIGA URINARIA","Con abundante sedimento urinario"
"VEJIGA URINARIA","Con leve contenido anecoico"
"VEJIGA URINARIA","Con leve contenido anecoico urinario seguido de focos en suspensión hiperecoicos sin sombra acústica"
"VEJIGA URINARIA","Con leve contenido urinario se evalúa tamaño de pared vesical craneal __mm, pared ventral ___mm, pared dorsal ___mm"
"VEJIGA URINARIA","Con leve sedimento urinario"
"VEJIGA URINARIA","Evidencia liquido libre con focos ecogenicos de celularidad en el cuadrante cistocolico"
"VEJIGA URINARIA","No evidencia líquido libre en el cuadrante cistocolico"
"VEJIGA URINARIA","No se aprecian masas, ni urolitos, ni estructuras vegetativas"
"VEJIGA URINARIA","Paredes con aumento de grosor e irregularidad en sus bordes de mucosa"
"VEJIGA URINARIA","Posición normal con moderado contenido anecoico, paredes conservadas hiperecogénicas"
"VEJIGA URINARIA","Presenta inflamación en pared vesical"
"VEJIGA URINARIA","Se aprecia una estructura hiperecoica redondeada con cuello pedunculada sin sobra acústica sugerente de pólipo o coagulo reciente."
"VEJIGA URINARIA","Se aprecian dos estructuras móviles  hiperecoicas con sombra acústica de 2 a 3 mm de diámetro sugerentes de litios vesicales."
"VEJIGA URINARIA","Se evidenció en su topografia habitual"
"VEJIGA URINARIA","Tanto en decubito dorsal como en cuadripedestacion"
"VESICULA BILIAR","Con leve lodo biliar en proporción menor al 20%, Superficie interna regular lisa."
"VESICULA BILIAR","Con moderado contenido ecogénico de lodo biliar en proporción cercana al 50% de su interior"
"VESICULA BILIAR","Contenido anecoico homogéneo (normal)"
"VESICULA BILIAR","Contenido anecoico homogéneo (normal), forma de saco, distención moderada, pared ecogénica, íntegra, lisa, de espesor normal"
"VESICULA BILIAR","Contenido anecoico normal"
"VESICULA BILIAR","Contenido ecogénico homogéneo móvil (sedimento)"
"VESICULA BILIAR","Contenido mixto anecoico y ecogénico móvil"
"VESICULA BILIAR","Distención leve"
"VESICULA BILIAR","Distención moderada"
"VESICULA BILIAR","Distención moderada (normal)"
"VESICULA BILIAR","Espesor engrosado"
"VESICULA BILIAR","Espesor normal"
"VESICULA BILIAR","Forma de saco (normal)"
"VESICULA BILIAR","Glaucoma"
"VESICULA BILIAR","Pared con ecogenicidad aumentada"
"VESICULA BILIAR","Pared conservada"
"VESICULA BILIAR","Pared del conducto colédoco engrosada"
"VESICULA BILIAR","Pared ecogénica, íntegra, lisa, de espesor normal"
"VESICULA BILIAR","Se observa conducto Colédoco dilatado"
"VESICULA BILIAR","Se observa conducto Cístico dilatado"
"VESICULA BILIAR","Se observa en su interior una imagen hiperecoica móvil, con sombra acústica posterior ,"
"VESICULA BILIAR","Se observa imagen nodular sugerente de hiperplasia de las glándulas mucinosas"
"VESICULA BILIAR","Se observa imagen nodular sugerente de neoplasia"
"VESICULA BILIAR","Se observa imagen nodular sugerente de pólipo"
"VESICULA BILIARnes","Se observa imagen sugerente de ruptura vesicular"
"VESICULA BILIAR","Se observa patrón estrellado, sugerente de Mucocele"
"VESICULA BILIAR","Se observa una imagen nodular en la pared, en la zona del (ápex - cuerpo - cuello)"
"VESICULA BILIAR","Signo de doble pared vesicular colecistitis"
"VESICULA BILIAR","Sobre distendida,"
"VESICULA BILIAR","Superficie interna irregular,"
"VESICULA BILIAR","Superficie interna regular"